Continent,Country,Date of First Case(s),Last Visited Country(s) of Confirmed Case(s),Confirmed Case(s) at First Day,Age of First Case(s),Date of First Death(s),Age of First Death(s)
Asia,China,2019-11-17,Starting Country,1,55,,
Europe,France,2019-12-27,,1,43,2020-02-15,80
Asia,Nepal,2020-01-13,China,1,32,2020-05-16,29
Asia,Thailand,2020-01-13,China,1,61,2020-03-01,35
Asia,Japan,2020-01-16,China,1,30+,2020-02-13,80+
Asia,South Korea,2020-01-20,China,1,35,2020-02-20,63
North America,United States,2020-01-21,China,1,35,2020-02-06,57
Asia,Taiwan,2020-01-21,China,1,50,2020-02-16,61
Asia,Singapore,2020-01-23,China,1,66,2020-03-21,"75,64"
Asia,Vietnam,2020-01-23,China,1,66,,
Australia,Australia,2020-01-25,China,4,"50+,50+30+,40+",2020-03-01,78
Asia,Malaysia,2020-01-25,China,3,"65,2,11",2020-03-17,"60,34"
North America,Canada,2020-01-25,China,1,50+,2020-03-09,
Asia,Sri Lanka,2020-01-27,China,1,43,2020-03-28,65
Europe,Germany,2020-01-27,China,1,33,2020-03-10,"89,78"
Asia,Cambodia,2020-01-27,China,1,60,,
Asia,United Arab Emirates,2020-01-29,China,1,73,2020-03-20,"78,58"
Asia,Philippines,2020-01-30,China,1,38,2020-02-01,44
Asia,India,2020-01-30,China,1,,2020-03-13,76
Europe,Italy,2020-01-31,China,2,,2020-02-22,78
Europe,United Kingdom,2020-01-31,China,2,"50, 23",2020-03-05,70+
Europe,Sweden,2020-01-31,China,1,20,2020-03-11,70+
Europe,Spain,2020-01-31,Germany,1,,2020-02-13,69
Asia,Russia,2020-01-31,Iran,2,,2020-03-19,79
Europe,Belgium,2020-02-04,China,1,54,2020-03-11,"90,73,86"
Africa,Egypt,2020-02-14,China,1,32,2020-03-08,60
Asia,Iran,2020-02-19,China,2,,2020-02-20,
Asia,Lebanon,2020-02-21,Iran,1,45,2020-03-10,56
Asia,Bahrain,2020-02-21,"Iran, United Arab Emirates",1,,2020-03-16,65
Asia,Israel,2020-02-21,Japan ,1,,2020-04-18,78
Asia,Iraq,2020-02-22,Iran,1,,2020-03-04,63
Asia,Afghanistan,2020-02-24,Iran,1,35,2020-02-26,40
Asia,Kuwait,2020-02-24,Iran,3,"61,53, No Trace",2020-04-04,46
Asia,Oman,2020-02-24,Iran,2,,2020-03-31,72
Africa,Algeria,2020-02-25,Italy,1,,2020-03-12,67
Europe,Austria,2020-02-25,Italy,2,24,2020-03-12,69
Europe,Croatia,2020-02-25,Italy,1,26,2020-05-16,70
Europe,Switzerland,2020-02-25,Italy,1,74,2020-03-05,74
Europe,Norway,2020-02-26,China,3,,2020-03-12,
Asia,Pakistan,2020-02-26,Iran,2,"22, No Trace",2020-03-20,77
Asia,Georgia,2020-02-26,"Iran, Azerbaijan",1,,2020-03-12,67
South America,Brazil,2020-02-26,Italy,1,61,2020-04-10,15
Europe,North Macedonia,2020-02-26,Italy,1,49,2020-03-22,57
Europe,Greece,2020-02-26,Italy,1,38,2020-03-12,66
Europe,Romania,2020-02-26,Italy,1,,2020-03-22,67
Europe,Finland,2020-02-26,Italy,1,,2020-03-20,
Asia,Qatar,2020-02-27,Iran,1,36,2020-03-28,57
Europe,Estonia,2020-02-27,Iran,1,,2020-03-25,83
Africa,Nigeria,2020-02-27,Italy,1,,2020-03-23,67
Europe,Netherlands,2020-02-27,Italy,1,56,2020-03-06,86
Europe,San Marino,2020-02-27,Italy,1,88,2020-03-01,88
Europe,Denmark,2020-02-27,Italy,1,,2020-03-12,
Asia,Azerbaijan,2020-02-28,Iran,1,,2020-03-12,51
Europe,Belarus,2020-02-28,Iran,1,,2020-03-31,75
Australia,New Zealand,2020-02-28,"Iran, Indonesia",1,60+,2020-03-29,70+
North America,Mexico,2020-02-28,Italy,3,"35,59,41",2020-03-18,41
Europe,Iceland,2020-02-28,Italy,1,40+,2020-03-24,70
Europe,Lithuania,2020-02-28,Italy,1,39,2020-03-20,83
Europe,Luxembourg,2020-02-29,Italy,1,40+,2020-03-13,94
Europe,Ireland,2020-02-29,Italy,1,,2020-03-11,
Europe,Monaco,2020-02-29,,1,,2020-03-28,
South America,Ecuador,2020-02-29,Spain,1,70+,2020-03-14,
Asia,Armenia,2020-03-01,Iran,1,29,2020-03-26,72
North America,Dominican Republic,2020-03-01,Italy,1,63,2020-03-16,47
Europe,Czech Republic,2020-03-01,Italy,3,,2020-03-23,95
Africa,Senegal,2020-03-02,France,1,54,2020-04-01,68
Asia,Saudi Arabia,2020-03-02,"Iran, Bahrain",1,,2020-03-23,51
Africa,Tunisia,2020-03-02,Italy,1,40,2020-03-19,72
Europe,Andorra,2020-03-02,Italy,1,20,2020-03-22,88
Africa,Morocco,2020-03-02,Italy,1,,2020-03-10,89
Europe,Latvia,2020-03-02,Italy,1,99,2020-04-03,99
Asia,Jordan,2020-03-02,Italy ,1,,2020-03-28,83
Europe,Portugal,2020-03-02,"Italy, Spain",2,"60,33",2020-03-16,80
Asia,Indonesia,2020-03-02,Japan,2,"64,31",2020-03-11,53
South America,Argentina,2020-03-03,Italy,1,43,2020-03-08,64
South America,Chile,2020-03-03,Italy,1,33,2020-03-22,83
Europe,Ukraine,2020-03-03,"Italy, Romania ",1,,2020-03-13,71
Europe,Liechtenstein,2020-03-03,Switzerland,1,,2020-04-04,
Europe,Poland,2020-03-04,Germany,1,57,2020-03-12,57
Europe,Hungary,2020-03-04,Iran,2,,2020-03-15,75
Europe,Slovenia,2020-03-04,Italy,1,,2020-03-14,
Asia,West Bank and Gaza,2020-03-05,"Greece, Pakistan, Egypt",7,,2020-03-25,60
Africa,South Africa,2020-03-05,Italy,1,38,2020-03-27,48
Europe,Bosnia and Herzegovina,2020-03-05,Italy,2,,2020-03-23,
Europe,Vatican City,2020-03-05,,1,,,
Africa,Togo,2020-03-06,"Benin, Germany, France, Turkey",1,42,2020-03-27,
Africa,Cameroon,2020-03-06,France,1,58,2020-03-24,
Europe,Serbia,2020-03-06,Hungary,1,43,2020-03-20,59
Asia,Bhutan,2020-03-06,India,1,76,,
South America,Colombia,2020-03-06,Italy,1,19,2020-03-22,58
Europe,Slovakia,2020-03-06,Italy,1,52,2020-03-30,60
South America,Peru,2020-03-06,"Spain, France, Czech Republic",1,25,2020-03-19,78
North America,Costa Rica,2020-03-06,United States,1,49,2020-03-18,87
South America,Paraguay,2020-03-07,Ecuador,1,32,2020-03-20,
Europe,Moldova,2020-03-07,Italy,1,48,2020-03-18,61
Asia,Maldives,2020-03-07,Italy,2,,2020-04-30,83
Europe,Malta,2020-03-07,Italy,3,12,2020-04-08,92
Asia,Bangladesh,2020-03-08,Italy,3,,2020-03-18,70+
Asia,Bulgaria,2020-03-08,,4,"27, 25, No Trace, No Trace",2020-03-11,66
Africa,Burkina Faso,2020-03-09,France,2,,2020-03-19,62
Europe,Albania,2020-03-09,Italy,2,"54,28",2020-03-11,73
Europe,Cyprus,2020-03-09,"Italy, United Kingdom",2,25,2020-03-28,67
Asia,Brunei,2020-03-09,Malaysia,1,53,2020-03-28,64
North America,Panama,2020-03-09,Spain,1,40,2020-03-10,
Africa,Congo (Kinshasa),2020-03-10,Belgium,1,,2020-03-31,81
Asia,Mongolia,2020-03-10,France,1,57,,
South America,Bolivia,2020-03-10,Italy,2,"60,64",2020-03-30,78
North America,Honduras,2020-03-10,"Spain, Switzerland",2,"42,37",2020-03-26,60
North America,Jamaica,2020-03-10,United Kingdom,1,,2020-03-18,79
Africa,Cote d'Ivoire,2020-03-11,Italy,1,45,2020-03-29,
North America,Cuba,2020-03-11,Italy,3,,2020-03-18,61
North America,Saint Vincent and the Grenadines,2020-03-11,United Kingdom,1,30+,,
Asia,Turkey,2020-03-11,Unspecified ,1,,2020-03-17,89
Africa,Gabon,2020-03-12,France,1,27,2020-03-20,50
Africa,Ghana,2020-03-12,"Norway, Turkey",2,,2020-03-21,61
South America,Trinidad and Tobago,2020-03-12,Switzerland,1,52,2020-03-25,77
South America,Guyana,2020-03-12,United States,1,52,,52
Africa,Guinea,2020-03-13,Belgium,1,49,2020-04-15,75
Africa,Ethiopia,2020-03-13,Burkina Faso,1,48,2020-04-05,60
Africa,Mauritania,2020-03-13,France,1,,2020-03-30,48
Asia,Kazakhstan,2020-03-13,Germany,2,,2020-03-26,
North America,Guatemala,2020-03-13,Italy,1,,2020-03-16,85
South America,Uruguay,2020-03-13,Italy ,4,,2020-03-28,71
Europe,Kosovo,2020-03-13,Italy ,2,"77,20",2020-03-22,
North America,Antigua and Barbuda,2020-03-13,United Kingdom,1,,2020-04-07,48
North America,Saint Lucia,2020-03-13,United Kingdom,1,63,,
Africa,Sudan,2020-03-13,United Arab Emirates,1,50,2020-03-12,50
South America,Venezuela,2020-03-13,Unspecified ,2,31,2020-03-26,47
South America,Suriname,2020-03-13,Unspecified ,1,,2020-04-03,
Africa,Kenya,2020-03-13,"United States, United Kingdom",1,27,2020-03-26,66
Africa,Congo (Brazzaville),2020-03-14,France,1,50,2020-04-01,
Africa,Rwanda,2020-03-14,India,1,,,
Africa,Seychelles,2020-03-14,Italy,2,,,
Africa,Central African Republic,2020-03-14,Italy,1,74,,
Africa,Namibia,2020-03-14,Spain,2,,,
Africa,Equatorial Guinea,2020-03-14,Spain,1,42,2020-04-22,
Africa,Eswatini,2020-03-14,"United States, Lesotho",1,33,2020-04-16,59
Asia,Uzbekistan,2020-03-15,France ,1,,2020-03-27,72
North America,Bahamas,2020-03-15,,1,61,2020-04-06,80
Africa,Tanzania,2020-03-16,Belgium,1,46,2020-03-31,49
Africa,Benin,2020-03-16,"Burkina Faso, Belgium",1,49,2020-04-06,43
Africa,Somalia,2020-03-16,China,1,46,2020-04-08,58
Africa,Liberia,2020-03-16,Switzerland,1,,2020-04-04,72
Europe,Montenegro,2020-03-17,"Spain, United States",2,"72, 47",2020-03-23,65
Africa,Gambia,2020-03-17,United Kingdom,1,,2020-03-23,70
North America,Barbados,2020-03-17,United States,2,"38,39",2020-04-05,81
Africa,Zambia,2020-03-18,France,2,,2020-04-02,
North America,Nicaragua,2020-03-18,Panama,1,40,2020-03-26,
Asia,Kyrgyzstan,2020-03-18,Saudi Arabia,3,,2020-04-03,60
Africa,Djibouti,2020-03-18,Spain,1,,2020-04-09,
Africa,Mauritius,2020-03-18,"United Kingdom, Cruise Ship*",3,,2020-03-21,
Africa,Chad,2020-03-19,Cameroon,1,,2020-03-19,
North America,El Salvador,2020-03-19,Italy,1,,2020-04-01,60
Africa,Niger,2020-03-19,"Togo,Cote d'Ivoire, Burkina Faso",1,36,2020-03-24,63
Australia,Fiji,2020-03-19,,1,27,,
North America,Haiti,2020-03-19,United States,2,,2020-04-05,55
Australia,Papua New Guinea,2020-03-20,Spain,1,45,,
Africa,Madagascar,2020-03-20,,3,,,
Africa,Cabo Verde,2020-03-20,United Kingdom,1,62,2020-03-24,62
Africa,Eritrea,2020-03-21,Norway,1,39,,
Africa,Angola,2020-03-21,Portugal,2,"38,30+",2020-03-30,"59, 37"
Africa,Zimbabwe,2020-03-21,"United Kingdom, South Africa",1,38,2020-03-23,30
Asia,Timor-Leste,2020-03-21,,1,,,
Africa,Mozambique,2020-03-22,United Kingdom,1,75,,
North America,Grenada,2020-03-22,United Kingdom,1,50,,
North America,Dominica,2020-03-22,United Kingdom,1,54,,
South America,Uganda,2020-03-22,United Arab Emirates,1,36,,
Asia,Syria,2020-03-22,,1,20,2020-03-29,
North America,Belize,2020-03-23,United States,1,38,2020-04-07,54
Asia,Myanmar,2020-03-23,"United States, United Kingdom",2,"36, 26",2020-03-31,69
Africa,Libya,2020-03-24,Saudi Arabia. Tunisia,1,73,2020-04-02,85
Asia,Laos,2020-03-24,"Thailand, Cambodia",2,"28, 36",,
North America,Saint Kitts and Nevis,2020-03-24,"United States, Italy",2,"21,57",,
Africa,Guinea-Bissau,2020-03-25,Congo (Kinshasa),2,,2020-04-26,53
Africa,Mali,2020-03-25,France,2,"49,62",2020-03-28,
Africa,Botswana,2020-03-30,"United Kingdom, Thailand",3,,2020-04-01,79
Africa,Sierra Leone,2020-03-31,France,1,37,2020-04-23,"76,69"
Africa,Burundi,2020-03-31,"Rwanda, United Arab Emirates",2,"56,42",2020-04-13,
Africa,Malawi,2020-04-01,India,3,"63, N/A, N/A",2020-04-07,51
Africa,Western Sahara,2020-04-04,,1,,,
Africa,South Sudan,2020-04-05,Ethiopia,1,29,2020-05-14,51
Africa,Sao Tome and Principe,2020-04-06,,4,,2020-04-30,55
Asia,Yemen,2020-04-10,,1,60,2020-04-29,
Africa,Comoros,2020-04-30,France,1,50,2020-05-07,
Asia,Tajikistan,2020-04-30,,15,,2020-05-02,
Africa,Lesotho,2020-05-13,Saudi Arabia,1,,,
